I love; ; ;I like; ; ;I don't like; ; ;I hate; ; ;
ID;artist;name;ID;artist;name;ID;artist;name;ID;artist;name
8075587;Frankie Knuckles;The Whistle Song;8011850;Bruno Mars;Just the Way You Are;2305654;Joe Cocker;We Are The World (Live);529776831;Les années 90;Tu m'oublieras
62724015;Bruno Mars;Locked Out of Heaven;780465;Eric Clapton;Riding with the King;568120962;Queen;Killer Queen;513488622;Les années 90;Alice ça glisse
1168756;B.B. King;The Thrill Is Gone;5871511;B.B. King;Recession Blues;7868662;Queen;The Show Must Go On (Remastered 2011);16765811;Royal Scottish National Orchestra;II. Melankolia (Melancholy)
16702392;B.B. King;Gambler's Blues (Live At The International Club, Chicago/1966);12209331;Queen;Don't Stop Me Now (Remastered);1103111;Amy Winehouse;He Can Only Hold Her;200128;Various Artists;Chant himba
16702367;B.B. King;Lucille;568120932;Queen;Somebody To Love;1103108;Amy Winehouse;Tears Dry On Their Own;72139389;Willem Breuker;Mr. M.A.De R.In A
9997018;Queen;Bohemian Rhapsody (Remastered 2011);2630766;Amy Winehouse;Valerie (Live At BBC Radio 1 Live Lounge, London / 2007);393460712;Avicii;Lonely Together;109786870;Tim Berne;Geez (Berne)(For Craig)
12206946;Queen;Another One Bites The Dust (Remastered 2011);70266756;Avicii;Wake Me Up;393460732;Avicii;Without You;396634882;Oddjob;Pics & l’hirondelle
12206933;Queen;We Will Rock You (Remastered);137304096;Les années 90;Mr Saxobeat;92734440;Mark Ronson;I Can't Lose;799575;Pierre-Laurent Aimard;Traditional : Yangisa
7868651;Queen;I Want To Break Free (Remastered 2011);118604304;Les années 90;Eins Zwei Polizei;529776871;Les années 90;Suzette;92487480;Jakob Dietrich;Zäuerli with Schelleschötte (Ringing the Cow Bells)
1103106;Amy Winehouse;Back To Black;529776861;Les années 90;Pour que tu m'aimes encore;55434611;Les Double Six;Meet Benny Bailey (Au Bout Du Fil);139301695;Awa Poulo;Dimo Yaou Tata
1103102;Amy Winehouse;Rehab;118604308;Les années 90;What Is Love;67035154;London Symphony Orchestra;Symphonie Fantastique, Op. 14 - Fifth Movement: Songe D'Une Nuit De Sabbat;70218255;Tim Hecker;Aerial Silver
71238363;Amy Winehouse;You Know I'm No Good;62166958;Shola Ama;You're the One I Love (2012 Collection Remaster);124197706;Death Grips;Hot Head;73522931;Sleepytime Gorilla Museum;The Putrid Refrain
1103107;Amy Winehouse;Love Is A Losing Game;3125472;Bill Bruford;One Of A Kind - Part One;75886504;André Minvielle;Madame Mimi (Blumdido);17696389;Luciano Berio;Visage
70266759;Avicii;Addicted To You;12015035;Alan Lomax;No More, My Lawd;95108184;Philippe Jaroussky;Varèse: Un grand sommeil noir;6183472;Karlheinz Stockhausen;Gesang Der Juenglinge
70266758;Avicii;Hey Brother;6750126;Jean-Christophe Maillard;Branle de village sur le 8ème ton;132493432;Theo Bleckmann;Late Green;429941542;Magic Malik;XP-Contrepoint mécanique à six voix
2181383;B.B. King;Blues Boys Tune (Album Version);3130696;Lords of the Underground;Here Come The Lords (Explicit);85900431;Aphex Twin;CIRCLONT14 [152.97][shrymoming mix];1499310;Golden Gate Jubilee Quartet;Preacher And The Bear
118604314;Les années 90;It's My Life;3489376;Horace Silver Quintet;The Cape Verdean Blues;90389689;Bugge Wesseltoft;Dreaming;121437780;Octurn;Lhasa
137304064;Les années 90;Daddy Cool;2269650;Tony Williams;There Comes A Time;70274599;Ali Farka Toure;Sabu Yerkoy;76145749;The Thewaprasit Ensemble;Pleng Sen Lao Na
1155001;Juanes;La Camisa Negra;9592203;David "Fuze" Fiuczynski;Moonring Bacchanal;430154832;Lilli und Lars;A Ram Sam Sam;73467980;Maalim Abdi;Natamani uwa [ua]
1101823;James Brown;Mother Popcorn (Single Version);414426462;The Residents;This is a Man's Man's Man's World;3914343;Kronos Quartet;Forbidden Fruit;366003431;Ravi Shankar;Spring
3489376;Horace Silver Quintet;The Cape Verdean Blues;73522931;Sleepytime Gorilla Museum;The Putrid Refrain;751553;Don Ellis;Niner Two (Live At Montreux);1735890;Skip James;Devil Got My Woman
858671;Jaco Pastorius;Come On, Come Over;1685672;Students' Orchestra Of The Moscow Conservatory;Liadov: Baba-Yaga;3386380;Artemis Quartet;String Quartet No 2: Come un meccanismo di precisione;115068454;Ikuta Ryu;Kojo No Tsuki
5593819;Dayton;Krackity-Krack (Remastered);130379666;Deru;Echoes of Me;47326511;Arvo Pärt;I. Ludus;123672654;Bob Log III;Guitar Party Power
3133915;Orchestre National de Barbès;Alaoui (live);858671;Jaco Pastorius;Come On, Come Over;17524173;Aka Moon;For drummers only;95547444;Dan Deacon;Sheathed Wings
 ; ; ;106706224;Glenn Gould;Contrapunctus III (Remastered);13533692;Botch;To Our Friends in the Great White North (Demo);130863564;Supersilent;6.5
 ; ; ;797834;Laurent de Wilde;Jungle Hard Bop;2457779;Primus;Tommy The Cat (Album Version);445346202;Théo Ceccaldi;Amanda Dakota
 ; ; ;427341552;New York Philharmonic Orchestra;Symphony No. 9 in D Minor, WAB 109: II. Scherzo. Bewegt, lebhaft. Trio. Schnell (Live);70978510;Naked City;Osaka Bondage;12480647;Lightning Bolt;Dracula Mountain
 ; ; ;81882102;Mark Guiliana;A Quote Machine;12156755;Steve Lehman;Digital Ambush;6374932;Daniel Johnston;I Had Lost My Mind
 ; ; ;76985342;Goldie;Vanilla;426733542;Jakob Bro;Full Moon Europa;12254142;Joy Division;Atmosphere (2011 Total Version)
 ; ; ;83947151;Totó La Momposina;Chí Chí Maní;77055099;Matthew Curtis;Kyrie (La Messe de Notre Dame) - Balanced Voices;78302846;Goto80;Boys Say Go
 ; ; ;4655700;Don Cherry;Mahakali;65802269;Meredith Monk;Dusk;64213891;Manu Le Malin;On the Way Home
 ; ; ;63661146;Tatiana Samouil;Quatuor pour deux violons, alto et violoncelle en ré majeur (CFF 124): Poco lento - Allegro;429108162;Paul Bley;Speak Easy;65341068;Krystian Zimerman;La Lugubre Gondola, S.200 no.2
 ; ; ;2271252;Manolo Sanlucar;El Poeta Pide A Su Amor Que Le Escriba(Canción-Bulería) (Album Version);131545124;Lord Invader;Out the Fire;516627482;Radio-Symphonieorchester Wien;4 Pezzi (Su una nota sola): IV. —
 ; ; ; ; ; ;63419829;Abe Schwartz;Sher Pt.2; ; ; 
 ; ; ; ; ; ;80674522;Boban Markovic;Izvorski biseri; ; ; 
 ; ; ; ; ; ;351958571;Sélébéyone;Are You in Peace; ; ; 
 ; ; ; ; ; ;1739106;James Chance & The Contortions;Contort Yourself; ; ; 
 ; ; ; ; ; ;105522282;Glenn Branca;Symphony #3: 2nd Movement (Excerpt); ; ; 
 ; ; ; ; ; ;3647677;Harry Partch;The Street; ; ; 
 ; ; ; ; ; ;7314318;Le Mystère Des Voix Bulgares;Zableyalo Mi Agantze (Album Version); ; ; 
 ; ; ; ; ; ;79088196;Hawk House;My Mind Is The Weapon (Topic 1); ; ; 
 ; ; ; ; ; ;10236728;Austin Peralta;Capricornus; ; ; 
 ; ; ; ; ; ;2439463;The Carla Bley Band;Musique Mecanique I; ; ; 
 ; ; ; ; ; ;67121873;Björk;Crystalline (Matthew Herbert Remix); ; ; 
 ; ; ; ; ; ;7577270;Vincent Dumestre;Una musiqua; ; ; 
 ; ; ; ; ; ;61636056;Panzerballett;Birdland; ; ; 
 ; ; ; ; ; ;2813599;Steps Ahead;Both Sides Of The Coin; ; ; 
 ; ; ; ; ; ;78626974;King Oliver;Chattanooga Stomp; ; ; 
 ; ; ; ; ; ;125953469;Slint;Breadcrumb Trail; ; ; 
 ; ; ; ; ; ;6615567;Bill Frisell;One of These Days; ; ; 
 ; ; ; ; ; ;9056672;The Adolescents;Kids of the Blackhole; ; ; 
 ; ; ; ; ; ;7738509;Georgette plana;La Valse Brune; ; ; 
