I love, , ,I like, , ,'I don''t like', , ,I hate, , ,
ID,artist,name,ID,artist,name,ID,artist,name,ID,artist,name,
9976746,Paille,Révé,633377712,Drake,Lust For Life,124197706,Death Grips,Hot Head,16765811,Royal Scottish National Orchestra,II. Melankolia (Melancholy),
6414665,Gyptian,Hold You [Hold Yuh],633377732,Drake,Successful,109786870,Tim Berne,Geez (Berne)(For Craig),92487480,Jakob Dietrich,Zäuerli with Schelleschötte (Ringing the Cow Bells),
78479885,Gyptian,Wine Slow,633377752,Drake,November 18th,70218255,Tim Hecker,Aerial Silver,85900431,Aphex Twin,CIRCLONT14 [152.97][shrymoming mix],
91018983,Spice,Conjugal Visit (feat. Vybz Kartel),633377772,Drake,A Night Off,64213891,Manu Le Malin,On the Way Home,73522931,Sleepytime Gorilla Museum,The Putrid Refrain,
529581431,Popcaan,Wine For Me,633377802,Drake,Best I Ever Had,6750126,Jean-Christophe Maillard,Branle de village sur le 8ème ton,17696389,Luciano Berio,Visage,
352815021,Warped,Papiyon,502640312,Various Artists,Boss Shatta,799575,Pierre-Laurent Aimard,Traditional : Yangisa,6183472,Karlheinz Stockhausen,Gesang Der Juenglinge,
6738344,E.sy Kennenga,Love adan tchè mwen,471061842,Were-vana,Lélé,430154832,Lilli und Lars,A Ram Sam Sam,121437780,Octurn,Lhasa,
6738342,E.sy Kennenga,Pa pè,81980250,Debrouya,Bwè & fimé,3386380,Artemis Quartet,String Quartet No 2: Come un meccanismo di precisione, , , ,
137600819,Harmonik,Incroyable,138538001,T Kimp Gee,La belle et la bête,13533692,Botch,To Our Friends in the Great White North (Demo), , , ,
6869383,Stevy Mahy,Beautiful,404520672,Keros-n,Fanm gwadeloup,6374932,Daniel Johnston,I Had Lost My Mind, , , ,
141541011,Miki Dèbrouya,Chanjé,438124722,E.sy Kennenga,Dékolaj imédia,123672654,Bob Log III,Guitar Party Power, , , ,
64651529,Stevy Mahy,Beautiful,504952962,Kevni,Olaleyley,676476332,Lightning Bolt,Dracula Mountain, , , ,
414838232,Orelsan,Notes pour trop tard (feat. Ibeyi),632386672,Silverman,'Telman dous''',65802269,Meredith Monk,Dusk, , , ,
112342316,Orelsan,J’essaye j’essaye,605244342,Paille,Man on fire,3647677,Harry Partch,The Street,, , , 
529581411,Popcaan,Silence,507246212,Warped,On fwa,9592203,David "Fuze" Fiuczynski,Moonring Bacchanal, , , ,
79041527,Popcaan,Everything Nice,475099222,Misié Sadik,O swè la,61636056,Panzerballett,Birdland, , , ,
124197706,Death Grips,Hot Head,501984112,Busy Signal,One Way,2439463,The Carla Bley Band,Musique Mecanique I, , , ,
 , , ,496556002,Konshens,Pull up to Mi Bumper (Radio Edit),516627482,Radio-Symphonieorchester Wien,4 Pezzi (Su una nota sola): IV. —, , , ,
 , , ,405255262,Charly Black,Party Animal,2457779,Primus,Tommy The Cat, , , ,
 , , ,483916652,Jahyanaï,Dweet So, , , , , , ,
 , , ,91018985,Spice,So Mi Like It, , , , , , ,
 , , ,621618542,Koffee,Rapture, , , , , , ,
 , , ,12804089,Vybz Kartel,Summer Time, , , , , , ,
 , , ,107619632,Charly Black,Gyal You a Party Animal, , , , , , ,
 , , ,138792613,Konshens,Bruk Off Yuh Back, , , , , , ,
 , , ,396292062,Mr. Vegas,So High, , , , , , ,
 , , ,99976980,Kranium,Nobody Has to Know (feat. Ty Dolla $ign), , , , , , ,
 , , ,126911397,Vybz Kartel,Fever, , , , , , ,
 , , ,665769802,Vybz Kartel,Tek It Out, , , , , , ,
 , , ,624234342,Tommy Lee Sparta,Blessings (feat. Damage Musiq), , , , , , ,
 , , ,529581561,Popcaan,Firm and Strong, , , , , , ,
 , , ,472893152,Nesly,Venus, , , , , , ,
 , , ,129479046,DJ FLY,Ba mwen dancehall, , , , , , ,
 , , ,102878660,Paille,Coucou freestyle  pt. 1,, , , , , , 
 , , ,385533911,Paille,Ki Moun Ki Mandew Sa (feat. DJ Tug & DJ Glad), , , , , , ,
 , , ,9976743,Paille,Elle me hante, , , , , , ,
 , , ,102878662,Paille,Coucou freestyle  pt. 2,, , , , , , 
 , , ,9976747,Paille,Assez, , , , , , ,
 , , ,6738341,E.sy Kennenga,Truc de fou, , , , , , ,
 , , ,663796512,Popcaan,Feel Good, , , , , , ,
 , , ,140216951,Vybz Kartel,Wine To Di Top, , , , , , ,
 , , ,101286512,Gyptian,All On Me, , , , , , ,
 , , ,81090156,Baby Cham,Tun Up, , , , , , ,
 , , ,76231999,Mavado,Tie Yuh (Persian Mat) (Radio), , , , , , ,
 , , ,416582942,Lyricis,Attaché Maladif, , , , , , ,
 , , ,371696371,Crocadile,Rincing Target, , , , , , ,
 , , ,71624040,Gyptian,Non Stop, , , , , , ,
 , , ,423546882,Tarrus Riley,Simple Blessings, , , , , , ,
 , , ,527507331,RDX,Jump, , , , , , ,
 , , ,585387212,Orelsan,Rêves bizarres (feat. Damso), , , , , , ,
 , , ,13789085,Orelsan,La terre est ronde, , , , , , ,
 , , ,414838102,Orelsan,San, , , , , , ,
 , , ,13789076,Orelsan,Raelsan, , , , , , ,
 , , ,13789079,Orelsan,Mauvaise idée, , , , , , ,
 , , ,13789090,Orelsan,Suicide social, , , , , , ,
 , , ,13789081,Orelsan,Finir mal, , , , , , ,
 , , ,13789077,Orelsan,Le chant des sirènes, , , , , , ,
 , , ,13789088,Orelsan,La morale, , , , , , ,
 , , ,414838112,Orelsan,La fête est finie, , , , , , ,
 , , ,529581481,Popcaan,Foreign Love, , , , , , ,
 , , ,102628686,Popcaan,Dream, , , , , , ,
 , , ,79041529,Popcaan,Love Yuh Bad, , , , , , ,
 , , ,76232000,Mavado,Tie Yuh (Persian Mat) (Raw), , , , , , ,
 , , ,509191342,Shenseea,Hard Drive, , , , , , ,
